[
{
	"id": 1,
	"title": "Стандартный пакет",
	"lastUpdate": 1489195793649,
	"guid": "059e25bf-f60c-49a5-b6f4-58b61b4687bb"
},
{
	"id": 2,
	"title": "Новый ЦФТ-Банк",
	"lastUpdate": 1489956499104,
	"guid": "c2e57c5b-47a9-4602-96f1-85fd953f6873"
},
{
	"id": 3,
	"title": "Аренда сейфов",
	"lastUpdate": 1489284799104,
	"guid": "32145f9f-bbb8-44b4-a81e-baf5c4a5407f"
},
{
	"id": 4,
	"title": "Банковские гарантии",
	"lastUpdate": 1489284799104,
	"guid": "83fcbc5f-7639-4736-bae0-966c0134b894"
},
{
	"id": 5,
	"title": "Казначейство",
	"lastUpdate": 1489195793649,
	"guid": "059e25bf-f60c-49a5-b6f4-58b61b4687bb"
},
{
	"id": 6,
	"title": "Страхование",
	"lastUpdate": 1489288099104,
	"guid": "c2e57c5b-47a9-4602-96f1-85fd953f6873"
},
{
	"id": 7,
	"title": "Факторинговое обслуживание",
	"lastUpdate": 1489284799104,
	"guid": "32145f9f-bbb8-44b4-a81e-baf5c4a5407f"
},
{
	"id": 8,
	"title": "Переводы средств",
	"lastUpdate": 1489284799104,
	"guid": "83fcbc5f-7639-4736-bae0-966c0134b894"
},
{
	"id": 9,
	"title": "Расчетный центр",
	"lastUpdate": 1489284799104,
	"guid": "c2e57c5b-47a9-4602-96f1-85fd953f6873"
},
{
	"id": 10,
	"title": "Пластиковые карты",
	"lastUpdate": 1489284799104,
	"guid": "32145f9f-bbb8-44b4-a81e-baf5c4a5407f"
},
{
	"id": 11,
	"title": "Финансовый мониторинг",
	"lastUpdate": 1489284799104,
	"guid": "83fcbc5f-7639-4736-bae0-966c0134b894"
}
]